"Respons ID","Datum verzonden","Laatste pagina","Begin taal","Startdatum","Datum laatste actie","Beste deelnemer,  	Wat fijn dat u wilt meedoen aan dit onderzoek naar slaapgedrag. Wij voeren dit onderzoek uit in het kader van onze bachelorthesis onder begeleiding van universitair docent Gjalt-Jorn Peters; Open Universiteit Nederland. Met dit onderzoek willen wij een bijdrage leveren aan de wetenschappelijke kennis over slaapgedrag van volwassenen.   	Het invullen van deze vragenlijst zal ongeveer 15 minuten van uw tijd in beslag nemen.   	Voordat u aan dit onderzoek kunt beginnen, vragen wij u de toestemmingsverklaring in te vullen. Deze vindt u wanneer u de optie 'volgende' kiest.  	​​Alvast hartelijk dank voor uw deelname,   	Angela Custers, Paola Gobbi, Alice Mijlhoff, Marieke Mulders, Katrien Pruydt, Audrey Rohen, Niels Westrik ","Dit is een onderzoek naar slaapgedrag bij volwassenen. Het doel van het onderzoek is om te ontdekken hoe mensen denken over elke avond op een door henzelf gekozen tijdstip naar bed te gaan en in hoeverre ze dit doen.   	Deze studie is zo opgezet dat alle data anoniem worden verzameld. Deze zijn dus nooit naar u te herleiden. Bovendien kunt u op elk moment stoppen.   	Als u nog vragen heeft kunt u die stellen via onderzoek.slaapgedrag@gmail.com.   	Alleen personen van 18 jaar en ouder mogen meedoen aan deze studie.  	   	Door akkoord te gaan met deelname geeft u aan bovenstaande tekst te hebben gelezen en begrepen, geeft u aan dat u 18 jaar of ouder bent, en geeft u toestemming om uw data, die anoniem zullen worden verzameld, te gebruiken voor wetenschappelijk onderzoek. 	 		Gaat u akkoord?   	 ","​Dit onderzoek gaat uit van een ideaal tijdstip om te gaan slapen. Dit tijdstip verschilt van persoon tot persoon. Geef op een kwartier nauwkeurig aan wat voor u het ideale tijdstip is om te gaan slapen als u nergens anders rekening mee hoeft te houden.   	Noteer uw antwoord in cijfers (bijvoorbeeld 22:45).  	 ","Is uw ideale slaaptijd op dit moment meer of minder dan 3 uur van u verwijderd?  	 "," [Ik ben van plan om iedere avond om {bedtime} te gaan slapen.Absoluut niet | Absoluut wel]","Geef aan hoe vaak u per week daadwerkelijk om {bedtime} gaat slapen.","Wat is uw leeftijd?  	​​(18 jaar of ouder)","Wat is uw hoogst behaalde opleiding?","Heeft u een partner?","Heeft u één of meerdere kinderen?","Heeft u werk waarbij u diensten draait ná {bedtime} ?","Wat is uw geslacht?","In de volgende vragen geeft u aan wat volgens u de gevolgen zijn van elke avond om {bedtime} gaan slapen en wat u daarvan vindt.  [Als ik elke avond om {bedtime} ga slapen, dan gaat mijn slaapkwaliteit...sterk omlaag | sterk omhoog]","In de volgende vragen geeft u aan wat volgens u de gevolgen zijn van elke avond om {bedtime} gaan slapen en wat u daarvan vindt.  [Betere slaapkwaliteit vind ik...heel onwenselijk | heel wenselijk]","In de volgende vragen geeft u aan wat volgens u de gevolgen zijn van elke avond om {bedtime} gaan slapen en wat u daarvan vindt.  [Als ik elke avond om {bedtime} ga slapen, dan zie ik daar...erg tegenop | erg naar uit]","In de volgende vragen geeft u aan wat volgens u de gevolgen zijn van elke avond om {bedtime} gaan slapen en wat u daarvan vindt.  [Als ik elke avond om {bedtime} ga slapen, dan wordt mijn sociale leven daar...veel slechter van | veel beter van]","In de volgende vragen geeft u aan wat volgens u de gevolgen zijn van elke avond om {bedtime} gaan slapen en wat u daarvan vindt.  [Een beter sociaal leven vind ik...heel onwenselijk | heel wenselijk]","In de volgende vragen geeft u aan wat volgens u de gevolgen zijn van elke avond om {bedtime} gaan slapen en wat u daarvan vindt.  [Als ik elke avond om {bedtime} ga slapen, dan vind ik dat...heel saai | heel uitdagend]","In de volgende vragen geeft u aan wat volgens u de gevolgen zijn van elke avond om {bedtime} gaan slapen en wat u daarvan vindt.  [Als ik elke avond om {bedtime} ga slapen, dan wordt mijn fysieke gezondheid...veel slechter | veel beter]","In de volgende vragen geeft u aan wat volgens u de gevolgen zijn van elke avond om {bedtime} gaan slapen en wat u daarvan vindt.  [Verbetering van fysieke gezondheid vind ik...erg onwenselijk | erg wenselijk]","In de volgende vragen geeft u aan wat volgens u de gevolgen zijn van elke avond om {bedtime} gaan slapen en wat u daarvan vindt.  [Als ik elke avond om {bedtime} ga slapen, dan vind ik dat...heel onplezierig | heel plezierig]","In de volgende vragen geeft u aan wat volgens u de gevolgen zijn van elke avond om {bedtime} gaan slapen en wat u daarvan vindt.  [Als ik niet elke avond om {bedtime} ga slapen, dan gaan mijn werk- en/of schoolprestaties...sterk omlaag | sterk omhoog]","In de volgende vragen geeft u aan wat volgens u de gevolgen zijn van elke avond om {bedtime} gaan slapen en wat u daarvan vindt.  [Afname van werk- en/of schoolprestaties vind ik...erg onwenselijk | erg wenselijk]","De volgende vragen gaan over hoeveel vertrouwen u hebt om in verschillende situaties toch om {bedtime} te gaan slapen. [Als dat ten koste gaat van de quality-time van mij en mijn partner, ben ik toch in staat om elke dag om {bedtime} te gaan slapenHelemaal zeker dat ik het niet kan | helemaal zeker dat ik het wel kan]","De volgende vragen gaan over hoeveel vertrouwen u hebt om in verschillende situaties toch om {bedtime} te gaan slapen. [Als ik tot vlak voor ik ga slapen gewerkt heb, ben ik toch in staat om om {bedtime} te gaan slapenHelemaal zeker dat ik het niet kan | helemaal zeker dat ik het wel kan]","De volgende vragen gaan over hoeveel vertrouwen u hebt om in verschillende situaties toch om {bedtime} te gaan slapen. [Als het moeilijk is ‘s avonds de tijd goed in de gaten te houden, ben ik toch in staat om om {bedtime} te gaan slapenHelemaal zeker dat ik het niet kan | helemaal zeker dat ik het wel kan]","De volgende vragen gaan over hoeveel vertrouwen u hebt om in verschillende situaties toch om {bedtime} te gaan slapen. [Als ik niet toe kom aan tijd voor mijzelf, ben ik toch in staat om om {bedtime} te gaan slapenHelemaal zeker dat ik het niet kan | helemaal zeker dat ik het wel kan]","De volgende vragen gaan over hoeveel vertrouwen u hebt om in verschillende situaties toch om {bedtime} te gaan slapen. [Als mijn partner seks wil na {bedtime}, houd ik toch vast aan mijn vaste tijd waarop ik wil gaan slapenHelemaal zeker dat ik het niet kan | helemaal zeker dat ik het wel kan]","De volgende vragen gaan over hoeveel vertrouwen u hebt om in verschillende situaties toch om {bedtime} te gaan slapen. [Als mijn partner nog wil wakker blijven, ben ik toch in staat om zelf om {bedtime} te gaan slapenHelemaal zeker dat ik het niet kan | helemaal zeker dat ik het wel kan]","De volgende vragen gaan over hoeveel vertrouwen u hebt om in verschillende situaties toch om {bedtime} te gaan slapen. [Als mijn kinderen nog niet veilig thuis zijn, ben ik toch in staat om om {bedtime} te gaan slapenHelemaal zeker dat ik het niet kan | helemaal zeker dat ik het wel kan]","De volgende vragen gaan over hoeveel vertrouwen u hebt om in verschillende situaties toch om {bedtime} te gaan slapen. [Als films/series/programma's tot later duren dan na {bedtime}, ben ik toch in staat om {bedtime} te gaan slapen	Helemaal zeker dat ik het niet kan|	helemaal zeker dat ik het wel kan]","De volgende vragen gaan over hoeveel vertrouwen u hebt om in verschillende situaties toch om {bedtime} te gaan slapen. [Als er mij van alles te binnen schiet als ik in bed lig, ben ik toch in staat om om {bedtime} te gaan slapenHelemaal zeker dat ik het niet kan | helemaal zeker dat ik het wel kan]","De volgende vragen gaan over hoeveel vertrouwen u hebt om in verschillende situaties toch om {bedtime} te gaan slapen. [Als ik nog veel moet denken aan mijn werk, ben ik toch in staat om om {bedtime} te gaan slapenHelemaal zeker dat ik het niet kan | helemaal zeker dat ik het wel kan]","De volgende vragen gaan over hoeveel vertrouwen u hebt om in verschillende situaties toch om {bedtime} te gaan slapen. [Als mijn sociale contacten nog appen, mailen of bellen, ben ik toch in staat om om {bedtime} te gaan slapenHelemaal mee oneens | helemaal mee eens]","De volgende vragen gaan over hoeveel vertrouwen u hebt om in verschillende situaties toch om {bedtime} te gaan slapen. [Als ik geen zin heb om te gaan slapen, ben ik toch in staat om om {bedtime} te gaan slapenHelemaal zeker dat ik het niet kan | helemaal zeker dat ik het wel kan]","De volgende vragen gaan over hoeveel vertrouwen u hebt om in verschillende situaties toch om {bedtime} te gaan slapen. [Ik ben in staat om elke dag om {bedtime} te gaan slapen Helemaal zeker dat ik het niet kan | helemaal zeker dat ik het wel kan]","De volgende vragen hebben betrekking op het vermogen van mensen om doelen te stellen. Het stellen van doelen kan helpen om te bereiken wat je wilt, bijvoorbeeld om op een vast tijdstip te gaan slapen. De volgende vragen gaan over de mate waarin u doelen voor uzelf stelt met betrekking tot het om {bedtime} gaan slapen.  	  [Als ik om {bedtime} wil gaan slapen, dan stel ik dat expliciet als doel voor mezelf voor die dagnooit | elke dag]","De volgende vragen hebben betrekking op het vermogen van mensen om doelen te stellen. Het stellen van doelen kan helpen om te bereiken wat je wilt, bijvoorbeeld om op een vast tijdstip te gaan slapen. De volgende vragen gaan over de mate waarin u doelen voor uzelf stelt met betrekking tot het om {bedtime} gaan slapen.  	  [Als ik om {bedtime} wil gaan slapen, dan zie ik tegen de avond wel of ik dat ook ga doennooit | elke dag]","De volgende vragen hebben betrekking op het vermogen van mensen om doelen te stellen. Het stellen van doelen kan helpen om te bereiken wat je wilt, bijvoorbeeld om op een vast tijdstip te gaan slapen. De volgende vragen gaan over de mate waarin u doelen voor uzelf stelt met betrekking tot het om {bedtime} gaan slapen.  	  [Het is een doel van mij om elke dag om {bedtime} te gaan slapenhelemaal mee oneens | helemaal mee eens]","De volgende vragen hebben betrekking op het vermogen van mensen om doelen te stellen. Het stellen van doelen kan helpen om te bereiken wat je wilt, bijvoorbeeld om op een vast tijdstip te gaan slapen. De volgende vragen gaan over de mate waarin u doelen voor uzelf stelt met betrekking tot het om {bedtime} gaan slapen.  	  [Als ik de komende week 1 keer om {bedtime} wil gaan slapen, dan stel ik dat expliciet als doel voor mezelf voor die weekhelemaal mee oneens | helemaal mee eens]","De volgende vragen hebben betrekking op het vermogen van mensen om doelen te stellen. Het stellen van doelen kan helpen om te bereiken wat je wilt, bijvoorbeeld om op een vast tijdstip te gaan slapen. De volgende vragen gaan over de mate waarin u doelen voor uzelf stelt met betrekking tot het om {bedtime} gaan slapen.  	  [Het is een doel van mij om elke avond films/series/programma's een uur voor {bedtime} uit te zetten, zodat ik om {bedtime} kan gaan slapenhelemaal mee oneens | helemaal mee eens]","De volgende vragen hebben betrekking op het vermogen van mensen om doelen te stellen. Het stellen van doelen kan helpen om te bereiken wat je wilt, bijvoorbeeld om op een vast tijdstip te gaan slapen. De volgende vragen gaan over de mate waarin u doelen voor uzelf stelt met betrekking tot het om {bedtime} gaan slapen.  	  [Als ik om {bedtime} wil gaan slapen, dan stel ik expliciet voor die dag het doel om op tijd te stoppen met sociale media zodat ik om {bedtime} kan gaan slapenhelemaal mee oneens | helemaal mee eens]","De volgende vragen gaan over de mate waarin u in de gaten houdt of u om {bedtime} gaat slapen of bent gaan slapen. [Ik kan me altijd goed herinneren, of ik de vorige avond om {bedtime} ben gaan slapennooit | altijd]","De volgende vragen gaan over de mate waarin u in de gaten houdt of u om {bedtime} gaat slapen of bent gaan slapen. [Als ik een avond later dan {bedtime} naar bed ga, dan ben ik me ervan bewust waardoor het niet lukte om om {bedtime} naar bed te gaannooit | altijd]","De volgende vragen gaan over de mate waarin u in de gaten houdt of u om {bedtime} gaat slapen of bent gaan slapen. [Als ik een avond later dan {bedtime} ga slapen, dan let ik er de volgende dag meer op dat ik wel om {bedtime} ga slapennooit | altijd]","De volgende vragen gaan over de mate waarin u in de gaten houdt of u om {bedtime} gaat slapen of bent gaan slapen. [Als ik om {bedtime} nog niet moe ben, dan let ik er op dat ik toch om {bedtime} ga slapennooit | altijd]","De volgende vragen gaan over de mate waarin u in de gaten houdt of u om {bedtime} gaat slapen of bent gaan slapen. [Als ik om {bedtime} nog andere dingen te doen heb, dan let ik er op dat ik toch om {bedtime} ga slapennooit | altijd]","Deze vragen gaan over zaken die kunnen motiveren om iedere dag op hetzelfde tijdstip te gaan slapen. Wat motiveert u om elke dag om {bedtime} te gaan slapen? [Als ik elke dag om {bedtime} ga slapen, dan zeggen anderen me dat ik over een sterke zelfdiscipline beschikhelemaal mee oneens | helemaal mee eens]","Deze vragen gaan over zaken die kunnen motiveren om iedere dag op hetzelfde tijdstip te gaan slapen. Wat motiveert u om elke dag om {bedtime} te gaan slapen? [Als ik elke dag om {bedtime} ga slapen, dan vindt mijn omgeving mij de volgende dag aangenamer in de omganghelemaal mee oneens | helemaal mee eens]","Deze vragen gaan over zaken die kunnen motiveren om iedere dag op hetzelfde tijdstip te gaan slapen. Wat motiveert u om elke dag om {bedtime} te gaan slapen? [Als ik elke dag om {bedtime} ga slapen, dan worden mijn werk- en taakprestaties de volgende dag beterhelemaal mee oneens | helemaal mee eens]","Deze vragen gaan over zaken die kunnen motiveren om iedere dag op hetzelfde tijdstip te gaan slapen. Wat motiveert u om elke dag om {bedtime} te gaan slapen? [Als ik elke dag om {bedtime} ga slapen, dan krijg ik meer respect en waarderinghelemaal mee oneens | helemaal mee eens]","Deze vragen gaan over zaken die kunnen motiveren om iedere dag op hetzelfde tijdstip te gaan slapen. Wat motiveert u om elke dag om {bedtime} te gaan slapen? [Als ik elke dag om {bedtime} ga slapen, dan voel ik me beter uitgerusthelemaal mee oneens | helemaal mee eens]","Deze vragen gaan over zaken die kunnen motiveren om iedere dag op hetzelfde tijdstip te gaan slapen. Wat motiveert u om elke dag om {bedtime} te gaan slapen? [Als ik elke dag op een ander tijdstip zou gaan slapen, dan zouden anderen kwaad of teleurgesteld op/in me zijnhelemaal mee oneens | helemaal mee eens]","Deze vragen gaan over zaken die kunnen motiveren om iedere dag op hetzelfde tijdstip te gaan slapen. Wat motiveert u om elke dag om {bedtime} te gaan slapen? [Als ik elke dag op een ander tijdstip zou gaan slapen, dan zouden mensen me bestempelen als een zwak persoonhelemaal mee oneens | helemaal mee eens]","Onderstaande vragen gaan over nog meer zaken die kunnen motiveren om iedere dag op een vast tijdstip te gaan slapen. Welke van onderstaande overwegingen motiveren u om elke dag om {bedtime} te gaan slapen? [Als ik elke dag om {bedtime} ga slapen, dan voel ik me beter over mezelfhelemaal mee oneens | helemaal mee eens]","Onderstaande vragen gaan over nog meer zaken die kunnen motiveren om iedere dag op een vast tijdstip te gaan slapen. Welke van onderstaande overwegingen motiveren u om elke dag om {bedtime} te gaan slapen? [Als ik elke dag om {bedtime} ga slapen, dan voel ik me minder schuldig tegenover mezelfhelemaal mee oneens | helemaal mee eens]","Onderstaande vragen gaan over nog meer zaken die kunnen motiveren om iedere dag op een vast tijdstip te gaan slapen. Welke van onderstaande overwegingen motiveren u om elke dag om {bedtime} te gaan slapen? [Elke dag om {bedtime} gaan slapen, is een uitdaging om mijn doelen te bereikenhelemaal mee oneens | helemaal mee eens]","Onderstaande vragen gaan over nog meer zaken die kunnen motiveren om iedere dag op een vast tijdstip te gaan slapen. Welke van onderstaande overwegingen motiveren u om elke dag om {bedtime} te gaan slapen? [Elke dag om {bedtime} gaan slapen, helpt me om me beter en gezonder te voelenhelemaal mee oneens | helemaal mee eens]","Onderstaande vragen gaan over nog meer zaken die kunnen motiveren om iedere dag op een vast tijdstip te gaan slapen. Welke van onderstaande overwegingen motiveren u om elke dag om {bedtime} te gaan slapen? [Elke dag om {bedtime} gaan slapen, is plezierighelemaal mee oneens | helemaal mee eens]","Onderstaande vragen gaan over nog meer zaken die kunnen motiveren om iedere dag op een vast tijdstip te gaan slapen. Welke van onderstaande overwegingen motiveren u om elke dag om {bedtime} te gaan slapen? [Door elke dag om {bedtime} te gaan slapen, kan ik zien of ik gezonder wordhelemaal mee oneens | helemaal mee eens]","Onderstaande vragen gaan over nog meer zaken die kunnen motiveren om iedere dag op een vast tijdstip te gaan slapen. Welke van onderstaande overwegingen motiveren u om elke dag om {bedtime} te gaan slapen? [Elke dag om {bedtime} gaan slapen, is een goede manier om uitgerust te zijnhelemaal mee oneens | helemaal mee eens]"," [Als ik elke dag om {bedtime} ga slapen, dan gaat dat ten koste van de quality-time van mijn partner en mijheel onwaarschijnlijk|heel waarschijnlijk]"," [Als ik elke dag om {bedtime} ga slapen, dan gaat dat ten koste van het hebben van seksheel onwaarschijnlijk | heel waarschijnlijk]"," [Als ik elke dag om {bedtime} ga slapen, dan kan ik films/series/programma's/streams niet afkijkenheel onwaarschijnlijk | heel waarschijnlijk]"," [Als ik elke dag om {bedtime} ga slapen, dan gaat dat ten koste van tijd voor mijn sociale contacten heel onwaarschijnlijk | heel waarschijnlijk]"," [Als ik elke dag om {bedtime} ga slapen, dan gaat dat ten koste van tijd voor mijn werkheel onwaarschijnlijk | heel waarschijnlijk]"," [Als ik elke dag om {bedtime} ga slapen, dan gaat dat ten koste van tijd voor mijzelfheel onwaarschijnlijk | heel waarschijnlijk]"," [Het missen van quality-time met mijn partner vind ik...helemaal niet vervelend | heel vervelend]"," [Het missen van seks vind ik...helemaal niet vervelend | heel vervelend]"," [Interessante films/series/programma's/streams missen, vind ik...helemaal niet vervelend | heel vervelend]"," [Minder tijd voor mijn sociale contacten hebben, vind ik...helemaal niet vervelend | heel vervelend]"," [Minder tijd aan mijn werk besteden, vind ik...helemaal niet vervelend | heel vervelend]"," [Minder tijd voor mijzelf hebben, vind ik...helemaal niet vervelend | heel vervelend]"," [Als ik iedere avond om {bedtime} ga slapen, dan is de kans dat mijn fysieke gezondheid slechter wordt...veel kleiner | veel groter]"," [Een slechte fysieke gezondheid hebben vind ik...heel erg | helemaal niet erg]"," [Als ik iedere avond om {bedtime} ga slapen, de is de kans dat mijn psychische gezondheid slechter wordt...veel kleiner | veel groter]"," [Een slechte psychische gezondheid hebben vind ik...heel erg | helemaal niet erg]"," [Als ik iedere avond om {bedtime} ga slapen, dan is de kans dat mijn werkprestaties slechter worden...veel kleiner | veel groter]"," [Slecht presteren op mijn werk vind ik...heel erg | helemaal niet erg]"," [Als ik iedere avond om {bedtime} ga slapen, dan is de kans dat mijn vermogen om beslissingen te nemen slechter wordt...veel kleiner | veel groter]"," [Slecht beslissingen kunnen nemen vind ik...heel erg | helemaal niet erg:]"," [Als ik iedere avond om {bedtime} ga slapen, dan is de kans dat mijn creativiteit vermindert...veel kleiner | veel groter]"," [Niet creatief zijn vind ik...heel erg | helemaal niet erg]"," [Als ik iedere avond om {bedtime} ga slapen, dan is de kans dat mijn concentratie verslechtert...veel kleiner | veel groter]"," [Me slecht kunnen concentreren vind ik...heel erg | helemaal niet erg]","Deze vragen gaan over de mening en houding die mensen in uw omgeving hebben ten opzichte van het om {bedtime} naar bed gaan. [Mensen die belangrijk voor mij zijn gaan elke dag op hetzelfde tijdstip slapen	geen van allen|	allemaal]","Deze vragen gaan over de mening en houding die mensen in uw omgeving hebben ten opzichte van het om {bedtime} naar bed gaan. [Voor mijn vrienden is een regelmatig slaappatroon...heel onbelangrijk|heel belangrijk]","Deze vragen gaan over de mening en houding die mensen in uw omgeving hebben ten opzichte van het om {bedtime} naar bed gaan. [Mijn partner vindt een regelmatig slaappatroon...heel onbelangrijk|heel belangrijk]","Deze vragen gaan over de mening en houding die mensen in uw omgeving hebben ten opzichte van het om {bedtime} naar bed gaan. [Mensen die belangrijk voor me zijn gaan vaak later naar bed, dan dat ze zich hadden voorgenomen	geen van allen|allemaal]","Deze vragen gaan over de mening en houding die mensen in uw omgeving hebben ten opzichte van het om {bedtime} naar bed gaan. [Mijn vrienden vertellen me vaak, dat zij te laat zijn gaan slapennooit|	heel vaak]","Deze vragen gaan over de mening en houding die mensen in uw omgeving hebben ten opzichte van het om {bedtime} naar bed gaan. [Mijn partner vertelt vaak dat hij/zij te laat is gaan slapennooit|	heel vaak]","Deze vragen gaan over de mening en houding die mensen in uw omgeving hebben ten opzichte van het om {bedtime} naar bed gaan. [Mensen die belangrijk voor me zijn vinden het goed dat ik elke dag om {bedtime} ga slapengeen van allen|allemaal]","Deze vragen gaan over de mening en houding die mensen in uw omgeving hebben ten opzichte van het om {bedtime} naar bed gaan. [Mensen die belangrijk voor me zijn vinden het belangrijk voor mijn gezondheid, dat ik elke dag om {bedtime} ga slapengeen van allen|	allemaal]","Deze vragen gaan over de mening en houding die mensen in uw omgeving hebben ten opzichte van het om {bedtime} naar bed gaan. [Mijn vrienden vinden het belangrijk voor mijn dagelijks functioneren, dat ik elke dag om {bedtime} ga slapen heel onbelangrijk|heel belangrijk]","Deze vragen gaan over de mening en houding die mensen in uw omgeving hebben ten opzichte van het om {bedtime} naar bed gaan. [Mijn partner vindt het voor mijn dagelijks functioneren belangrijk, dat ik elke dag om {bedtime} ga slapenheel onbelangrijk|heel belangrijk]","Deze vragen gaan over de mening en houding die mensen in uw omgeving hebben ten opzichte van het om {bedtime} naar bed gaan. [Wanneer mensen die belangrijk voor me zijn mij een slaapadvies geven, dan volg ik dit opnooit|	altijd]","Mensen stellen doelen en sturen hun gedrag. Mensen verschillen in de manier waarop en de mate waarin ze dit doen. Hieronder staan een aantal stellingen die hiermee te maken hebben en gaan over op een vast tijdstip gaan slapen. Wilt u aangeven in welke mate deze op u van toepassing zijn? [Ik kan verleidingen om op een ander tijdstip dan {bedtime} te gaan slapen goed weerstaan	Helemaal niet op mij van toepassing|	Helemaal op mij van toepassing]","Mensen stellen doelen en sturen hun gedrag. Mensen verschillen in de manier waarop en de mate waarin ze dit doen. Hieronder staan een aantal stellingen die hiermee te maken hebben en gaan over op een vast tijdstip gaan slapen. Wilt u aangeven in welke mate deze op u van toepassing zijn? [Ik vind het moeilijk om er een gewoonte van te maken om om {bedtime} te gaan slapen	Helemaal niet op mij van toepassing|	Helemaal op mij van toepassing]","Mensen stellen doelen en sturen hun gedrag. Mensen verschillen in de manier waarop en de mate waarin ze dit doen. Hieronder staan een aantal stellingen die hiermee te maken hebben en gaan over op een vast tijdstip gaan slapen. Wilt u aangeven in welke mate deze op u van toepassing zijn? [Ik zou willen dat ik meer zelfdiscipline had zodat ik iedere dag om {bedtime} zou gaan slapen	 	Helemaal niet op mij van toepassing|	Helemaal op mij van toepassing]","Mensen stellen doelen en sturen hun gedrag. Mensen verschillen in de manier waarop en de mate waarin ze dit doen. Hieronder staan een aantal stellingen die hiermee te maken hebben en gaan over op een vast tijdstip gaan slapen. Wilt u aangeven in welke mate deze op u van toepassing zijn? [Pleziertjes weerhouden me er soms van om iedere dag om {bedtime} te gaan slapen	 	Helemaal niet op mij van toepassing|	Helemaal op mij van toepassing]","Mensen stellen doelen en sturen hun gedrag. Mensen verschillen in de manier waarop en de mate waarin ze dit doen. Hieronder staan een aantal stellingen die hiermee te maken hebben en gaan over op een vast tijdstip gaan slapen. Wilt u aangeven in welke mate deze op u van toepassing zijn? [Mensen zeggen dat ik een ijzeren zelfdiscipline heb omdat ik iedere dag om {bedtime} ga slapen	 	Helemaal niet op mij van toepassing|	Helemaal op mij van toepassing]","Zoals bij de vorige vraag al gezegd: mensen stellen doelen en sturen hun gedrag. Onderstaande stellingen gaan hier ook over, maar dan in algemene zin. Wilt u aangeven in welke mate deze op u van toepassing zijn? [Ik heb moeite met concentreren Helemaal niet op mij van toepassing|Helemaal op mij van toepassing]","Zoals bij de vorige vraag al gezegd: mensen stellen doelen en sturen hun gedrag. Onderstaande stellingen gaan hier ook over, maar dan in algemene zin. Wilt u aangeven in welke mate deze op u van toepassing zijn? [Ik zou willen dat ik meer zelfdiscipline had Helemaal niet op mij van toepassing|Helemaal op mij van toepassing]","Zoals bij de vorige vraag al gezegd: mensen stellen doelen en sturen hun gedrag. Onderstaande stellingen gaan hier ook over, maar dan in algemene zin. Wilt u aangeven in welke mate deze op u van toepassing zijn? [Ik weiger dingen die slecht voor me zijn Helemaal niet op mij van toepassing|]","Zoals bij de vorige vraag al gezegd: mensen stellen doelen en sturen hun gedrag. Onderstaande stellingen gaan hier ook over, maar dan in algemene zin. Wilt u aangeven in welke mate deze op u van toepassing zijn? [Ik ben luiHelemaal niet op mij van toepassing|Helemaal op mij van toepassing]","Zoals bij de vorige vraag al gezegd: mensen stellen doelen en sturen hun gedrag. Onderstaande stellingen gaan hier ook over, maar dan in algemene zin. Wilt u aangeven in welke mate deze op u van toepassing zijn? [Ik zeg ongepaste dingen Helemaal niet op mij van toepassing|Helemaal op mij van toepassing]","Zoals bij de vorige vraag al gezegd: mensen stellen doelen en sturen hun gedrag. Onderstaande stellingen gaan hier ook over, maar dan in algemene zin. Wilt u aangeven in welke mate deze op u van toepassing zijn? [Ik doe wel eens dingen die slecht voor me zijn als ze leuk zijnHelemaal niet op mij van toepassing|Helemaal op mij van toepassing]","Zoals bij de vorige vraag al gezegd: mensen stellen doelen en sturen hun gedrag. Onderstaande stellingen gaan hier ook over, maar dan in algemene zin. Wilt u aangeven in welke mate deze op u van toepassing zijn? [Mensen zeggen dat ik een ijzeren zelfdiscipline heb Helemaal niet op mij van toepassing|Helemaal op mij van toepassing]","Zoals bij de vorige vraag al gezegd: mensen stellen doelen en sturen hun gedrag. Onderstaande stellingen gaan hier ook over, maar dan in algemene zin. Wilt u aangeven in welke mate deze op u van toepassing zijn? [Pleziertjes weerhouden me er soms van mijn (huis)werk af te krijgen Helemaal niet op mij van toepassing|Helemaal op mij van toepassing]","Zoals bij de vorige vraag al gezegd: mensen stellen doelen en sturen hun gedrag. Onderstaande stellingen gaan hier ook over, maar dan in algemene zin. Wilt u aangeven in welke mate deze op u van toepassing zijn? [Soms kan ik mezelf er niet van weerhouden iets te doen, zelfs als ik weet dat het verkeerd is  Helemaal niet op mij van toepassing|Helemaal op mij van toepassing]","Zoals bij de vorige vraag al gezegd: mensen stellen doelen en sturen hun gedrag. Onderstaande stellingen gaan hier ook over, maar dan in algemene zin. Wilt u aangeven in welke mate deze op u van toepassing zijn? [Ik doe vaak dingen zonder goed na te denken over mogelijke alternatievenHelemaal niet op mij van toepassing|Helemaal op mij van toepassing]","Zoals bij de vorige vraag al gezegd: mensen stellen doelen en sturen hun gedrag. Onderstaande stellingen gaan hier ook over, maar dan in algemene zin. Wilt u aangeven in welke mate deze op u van toepassing zijn? [Ik kan goed werken aan lange termijn doelenHelemaal niet op mij van toepassing|Helemaal op mij van toepassing]","Zoals bij de vorige vraag al gezegd: mensen stellen doelen en sturen hun gedrag. Onderstaande stellingen gaan hier ook over, maar dan in algemene zin. Wilt u aangeven in welke mate deze op u van toepassing zijn? [Ik vind het moeilijk om met slechte gewoontes te stoppenHelemaal niet op mij van toepassing|Helemaal op mij van toepassing]","Jammer dat u heeft besloten niet in te stemmen. U kunt daardoor ook niet mee doen met deze studie.  	Als u wilt kunt u hieronder wel uw opmerkingen kwijt. ","Hiermee bent u aan het einde gekomen van deze vragenlijst. We danken u hartelijk voor uw deelname.  	Voor meer informatie verwijzen wij u graag door naar http://osf.io/y5qht/ waar u onze onderzoeksplannen kunt terug vinden.   	Als u vragen heeft of geïnteresseerd bent in de onderzoeksresultaten, dan kunt u contact met ons opnemen via onderzoek.slaapgedrag@gmail.com  	We stellen het zeer op prijs als u onze vragenlijst (https://slaapgedrag.nl) met anderen deelt.  	   	   	Hartelijke groet  	Angela Custers, Paola Gobbi, Alice Mijlhoff, Marieke Mulders, Katrien Pruydt, Audrey Rohen, Niels Westrik  	   	 ","Totaaltijd","Groep tijd: welcome","Vraagtijd: G1Q00001","Groep tijd: InformedConsent","Vraagtijd: InformedConsent","Groep tijd: Bedtime","Vraagtijd: bedtime","Groep tijd: Time untill ideal Bedtime","Vraagtijd: TimeUntillBedtime","Groep tijd: Intention","Vraagtijd: intention","Groep tijd: Goal-behaviour","Vraagtijd: GoalBehaviour","Groep tijd: General Questions","Vraagtijd: age","Vraagtijd: education","Vraagtijd: partner","Vraagtijd: children","Vraagtijd: WorkAfterBedtime","Vraagtijd: gender","Groep tijd: Experiential & Instrumental Attitude","Vraagtijd: Attitude","Groep tijd: Self Efficacy","Vraagtijd: SelfEfficacy","Groep tijd: Self Regulation: Goal-Setting.","Vraagtijd: GoalSetting","Groep tijd: Self Regulation: Self-Monitoring","Vraagtijd: SelfMonitoring","Groep tijd: Extrinsic Motivation","Vraagtijd: ExtrinsicMotivation","Groep tijd: Intrinsic Motivation","Vraagtijd: IntrinsicMotivation","Groep tijd: Perceived Barriers","Vraagtijd: PerceivedBarriers","Groep tijd: Perceived Threat","Vraagtijd: PerceivedThreat","Groep tijd: Subjectieve Norm","Vraagtijd: SubjectiveNorm","Groep tijd: Self Control","Vraagtijd: SelfControlSleep","Vraagtijd: SelfControlGeneral","Groep tijd: Not Informed Consent","Vraagtijd: NotInformedConsent","Groep tijd: EndMessage","Vraagtijd: EndMessage"
"1","","","nl","2018-10-02 10:54:29","2018-10-02 10:54:29","","","","","","","","","","","","","","","","","","","","","","","","","","","","","","","","","","","","","","","","","","","","","","","","","","","","","","","","","","","","","","","","","","","","","","","","","","","","","","","","","","","","","","","","","","","","","","","","","","","","","","","","","","","","","","","","","","","","0","","","","","","","","","","","","","","","","","","","","","","","","","","","","","","","","","","","","","","","","","","","",""
"2","","","nl","2018-10-02 10:54:51","2018-10-02 10:54:51","","","","","","","","","","","","","","","","","","","","","","","","","","","","","","","","","","","","","","","","","","","","","","","","","","","","","","","","","","","","","","","","","","","","","","","","","","","","","","","","","","","","","","","","","","","","","","","","","","","","","","","","","","","","","","","","","","","","0","","","","","","","","","","","","","","","","","","","","","","","","","","","","","","","","","","","","","","","","","","","",""
"3","","","nl","2018-10-02 10:56:28","2018-10-02 10:56:28","","","","","","","","","","","","","","","","","","","","","","","","","","","","","","","","","","","","","","","","","","","","","","","","","","","","","","","","","","","","","","","","","","","","","","","","","","","","","","","","","","","","","","","","","","","","","","","","","","","","","","","","","","","","","","","","","","","","0","","","","","","","","","","","","","","","","","","","","","","","","","","","","","","","","","","","","","","","","","","","",""
"4","","12","nl","2018-10-02 11:08:04","2018-10-02 11:22:04","","1","10:00","A1","A7","A4","21.0000000000","A4","2","2","2","A1","A6","A5","A7","A4","A4","A5","A6","A4","A7","A3","A3","","A5","A5","A3","","","","A3","A4","A6","A7","A2","A3","5","3","6","3","1","1","A6","A3","A7","A5","A5","A5","A2","A3","A2","A7","A1","A1","","","","","","","","","","","","","","","","","","","","","","","","","","","","","","","","","","","","","","","","","","","","","","","","","","","","","","","","","","","","","","844.59","79.5","","67.23","","20.56","","15.58","","7.15","","17.42","","29.51","","","","","","","55.36","","63.06","","152.84","","72.2","","264.18","","","","","","","","","","","","","","","",""
"5","","","nl","2018-10-02 12:21:24","2018-10-02 12:21:24","","","","","","","","","","","","","","","","","","","","","","","","","","","","","","","","","","","","","","","","","","","","","","","","","","","","","","","","","","","","","","","","","","","","","","","","","","","","","","","","","","","","","","","","","","","","","","","","","","","","","","","","","","","","","","","","","","","","0","","","","","","","","","","","","","","","","","","","","","","","","","","","","","","","","","","","","","","","","","","","",""
"6","2018-10-02 15:16:32","19","nl","2018-10-02 15:04:00","2018-10-02 15:16:32","","1","10:00","A1","A6","A4","21.0000000000","A4","2","2","2","A1","A6","A5","A6","A4","A4","A5","A6","A5","A6","A3","A4","","A5","A6","A3","","","","A2","A3","A4","A7","A5","A7","5","4","5","5","1","1","A5","A4","A6","A5","A6","A6","A2","A4","A2","A6","A1","A1","A6","A2","A4","A5","A6","A6","A7","","A1","A6","A2","A1","A1","","A4","A2","A5","A2","A2","A2","A3","A2","A3","A2","A2","A3","A4","A4","A5","A1","A1","A4","A5","","A5","A6","","A7","A5","A4","","A5","1","1","2","6","3","3","5","5","6","2","5","1","4","6","7","","2","","","759.3","3.71","","4.72","","10.27","","6.17","","37.19","","6.08","","23.45","","","","","","","46.65","","40.15","","49.9","","29.72","","70.57","","27.11","","68.97","","59.69","","115.04","","146.7","","","","","13.21",""
"7","","14","nl","2018-10-02 17:26:48","2018-10-02 17:58:56","","1","21.45 ","A2","A4","A3","39.0000000000","A4","","","","","A6","A7","A7","A4","A7","A6","A7","A7","A7","A1","A2","","A2","A6","A7","","","","A5","A6","A6","A5","A6","A6","5","5","4","5","5","6","A6","A7","A7","A3","A4","A6","A7","A7","A6","A7","A1","A1","A6","A3","A5","A7","A7","A6","A7","","A4","A4","A2","A1","A1","","A4","A1","A2","A3","A4","","","","","","","","","","","","","","","","","","","","","","","","","","","","","","","","","","","","","","","","","","","1933.78","17.62","","81.95","","56.27","","31.89","","122.29","","64.59","","47.47","","","","","","","499.92","","216.48","","150.26","","112.33","","176.3","","126.63","","229.78","","","","","","","","","","","",""
"8","2018-10-02 18:55:18","19","nl","2018-10-02 18:30:02","2018-10-02 18:55:18","","1","22.00","A2","A4","A3","39.0000000000","A4","1","1","2","A1","A6","A6","A6","A2","A2","A5","A6","A6","A6","A1","A1","A2","A2","A2","A6","A5","A6","A1","A6","A6","A6","A6","A6","A5","5","5","5","5","3","5","A7","A7","A6","A5","A4","A6","A7","A7","A6","A7","A2","A2","A6","A2","A5","A7","A7","A7","A7","A3","A3","A3","A3","A3","A3","A6","A5","A4","A5","A3","A6","A1","A1","A1","A1","A1","A1","A1","A1","A4","A1","A1","A1","A4","A5","A6","A3","A3","A3","A5","A6","A7","A7","A7","5","3","5","5","3","1","2","5","2","2","7","7","5","6","1","6","3","","","1524.46","25.08","","41.76","","21.32","","24.74","","75.96","","36.26","","143.55","","","","","","","146","","128.22","","75.78","","122.46","","85.5","","69.36","","102.62","","132.88","","94.01","","158.2","","","","","40.76",""
"9","","","nl","2018-10-03 08:58:15","2018-10-03 08:58:15","","","","","","","","","","","","","","","","","","","","","","","","","","","","","","","","","","","","","","","","","","","","","","","","","","","","","","","","","","","","","","","","","","","","","","","","","","","","","","","","","","","","","","","","","","","","","","","","","","","","","","","","","","","","","","","","","","","","0","","","","","","","","","","","","","","","","","","","","","","","","","","","","","","","","","","","","","","","","","","","",""
"12","","8","nl","2018-10-03 14:16:18","2018-10-03 14:19:03","","1","22u30","A1","A5","A3","","","","","","","","","","","","","","","","","","","","","","","","","","","","","","","","","","","","","","","","","","","","","","","","","","","","","","","","","","","","","","","","","","","","","","","","","","","","","","","","","","","","","","","","","","","","","","","","","","","","","","","","","","","","","","140.98","41.99","","24.72","","8.89","","14.85","","15.82","","10.39","","19.49","","","","","","","4.83","","","","","","","","","","","","","","","","","","","","","","","",""
"11","","18","nl","2018-10-03 11:11:04","2018-10-03 11:33:45","","1","22:30","A1","A4","A2","28.0000000000","A4","1","2","1","A2","A6","A5","A5","A4","A6","A5","A5","A5","A4","A3","A2","A2","A2","A6","A2","A2","A6","","A5","A6","A7","A6","A2","A1","5","3","2","2","1","5","A7","A7","A5","A2","A3","A4","A6","A7","A2","A6","A1","A2","A5","A5","A3","A6","A6","A6","A6","A6","A6","A1","A2","A1","A6","A6","A5","A1","A5","A2","A6","A1","A2","A2","A1","A2","A2","A1","A2","A2","A3","A1","A2","A4","A5","A6","A4","A2","A5","A5","A5","A4","A5","A2","2","7","5","7","1","2","4","5","2","2","2","6","3","3","2","6","4","","","1368.57","1.89","","3.16","","24.79","","20.52","","19.97","","9.3","","260.11","","","","","","","107.73","","203.49","","105.23","","37.44","","73.89","","71.5","","121.85","","92.18","","83.65","","131.87","","","","","",""
"13","2018-10-03 16:16:35","19","nl","2018-10-03 16:06:33","2018-10-03 16:16:35","","1","2230","A1","A4","A4","24.0000000000","A7","2","2","2","A3","A4","A4","A4","A4","A4","A4","A4","A4","A4","A4","A4","","A4","A4","A4","","","","A4","A4","A4","A4","A4","A4","4","4","4","4","4","4","A3","A3","A3","A3","A3","A4","A4","A4","A4","A4","A4","A4","A4","A4","A4","A4","A4","A4","A4","","A4","A4","A4","A4","A4","","A4","A4","A4","A4","A4","A4","A4","A4","A4","A4","A4","A4","A4","A4","A4","A4","A4","A5","A5","","A5","A5","","A5","A5","A5","","A5","3","3","4","3","4","5","5","4","5","5","5","5","5","5","5","5","5","","","569.34","3.69","","3.39","","5.68","","428.54","","3.68","","3.67","","14.17","","","","","","","10.09","","11.45","","6.7","","5.47","","8.32","","9.47","","14.18","","9.75","","7.94","","12.91","","","","","10.24",""
"14","","","nl","2018-10-03 22:00:22","2018-10-03 22:00:22","","","","","","","","","","","","","","","","","","","","","","","","","","","","","","","","","","","","","","","","","","","","","","","","","","","","","","","","","","","","","","","","","","","","","","","","","","","","","","","","","","","","","","","","","","","","","","","","","","","","","","","","","","","","","","","","","","","","0","","","","","","","","","","","","","","","","","","","","","","","","","","","","","","","","","","","","","","","","","","","",""
"15","","","nl","2018-10-04 00:38:45","2018-10-04 00:38:45","","","","","","","","","","","","","","","","","","","","","","","","","","","","","","","","","","","","","","","","","","","","","","","","","","","","","","","","","","","","","","","","","","","","","","","","","","","","","","","","","","","","","","","","","","","","","","","","","","","","","","","","","","","","","","","","","","","","0","","","","","","","","","","","","","","","","","","","","","","","","","","","","","","","","","","","","","","","","","","","",""
"16","","","nl","2018-10-04 00:38:51","2018-10-04 00:38:51","","","","","","","","","","","","","","","","","","","","","","","","","","","","","","","","","","","","","","","","","","","","","","","","","","","","","","","","","","","","","","","","","","","","","","","","","","","","","","","","","","","","","","","","","","","","","","","","","","","","","","","","","","","","","","","","","","","","0","","","","","","","","","","","","","","","","","","","","","","","","","","","","","","","","","","","","","","","","","","","",""
"17","2018-10-04 09:09:12","19","nl","2018-10-04 08:40:46","2018-10-04 09:09:12","","1","22.00","1","6","","39.0000000000","4","1","1","2","","5","6","5","3","3","4","6","6","7","1","7","A4","A5","A5","A6","A4","A6","A1","A4","A5","A3","A5","A5","A5","6","5","5","5","3","3","A5","A6","A6","A6","A4","A5","A6","A6","A5","A6","A2","A1","A5","A1","A4","A6","A6","A5","A6","A2","A2","A3","A2","A1","A1","A5","A4","A1","A2","A1","A4","A1","A1","A1","A1","A5","A1","A2","A1","A5","A3","A2","A2","A5","A5","A1","A2","A3","A4","A7","A7","A7","A7","A4","4","2","3","4","1","2","2","3","1","4","5","4","3","5","3","5","3","","","1713.62","56.72","","64.04","","28.26","","31.37","","54.45","","13.19","","171.6","","","","","","","198.05","","175.8","","93.83","","60.62","","84.98","","74.6","","111.92","","170.2","","115.85","","164.27","","","","","43.87",""
"18","","13","nl","2018-10-04 08:42:51","2018-10-04 09:14:19","","1","22u30","1","4","3","19.0000000000","2","1","1","2","1","3","4","3","5","1","4","1","3","4","5","3","A5","A3","A4","A5","A3","A5","A3","A5","A3","A5","A3","A5","A3","5","4","4","5","4","4","A4","A2","A5","A2","A6","A3","A5","A3","A5","A3","A6","A4","A4","A3","A5","A4","A4","A3","A5","","","","","","","","","","","","","","","","","","","","","","","","","","","","","","","","","","","","","","","","","","","","","","","","","","","","","","","1149.78","10.73","","5.59","","17.98","","9.18","","7.63","","3.52","","241.71","","","","","","","186.17","","202.29","","108.1","","90.53","","141.23","","125.12","","","","","","","","","","","","","",""
"19","2018-10-04 17:58:36","19","nl","2018-10-04 17:55:57","2018-10-04 17:58:36","","1","2245","2","7","6","18.0000000000","4","2","1","2","1","4","3","3","5","6","6","6","5","6","4","3","","A2","A3","A1","","","A2","A1","A3","A4","A5","A6","A7","6","5","7","6","5","6","A1","A2","A3","A2","A3","A6","A5","A7","A6","A7","A6","A7","A7","A6","A7","A6","A5","A6","A6","","A6","A5","A4","A5","A3","","A5","A7","A1","A2","A3","A5","A1","A1","A4","A4","A6","A4","A4","A5","","A7","A6","A4","A2","","A3","A3","","A2","A4","A2","","A4","2","1","6","5","5","1","1","4","6","5","5","6","4","5","4","3","4","","","164.81","3.91","","2.51","","5.63","","3.17","","2.72","","3.25","","12.2","","","","","","","12.03","","11.31","","10.5","","5.22","","8.31","","6.82","","9.96","","11.96","","16.72","","18","","","","","20.59",""
"20","","","nl","2018-10-04 21:43:47","2018-10-04 21:43:47","","","","","","","","","","","","","","","","","","","","","","","","","","","","","","","","","","","","","","","","","","","","","","","","","","","","","","","","","","","","","","","","","","","","","","","","","","","","","","","","","","","","","","","","","","","","","","","","","","","","","","","","","","","","","","","","","","","","0","","","","","","","","","","","","","","","","","","","","","","","","","","","","","","","","","","","","","","","","","","","",""
"21","","","nl","2018-10-04 22:28:00","2018-10-04 22:28:00","","","","","","","","","","","","","","","","","","","","","","","","","","","","","","","","","","","","","","","","","","","","","","","","","","","","","","","","","","","","","","","","","","","","","","","","","","","","","","","","","","","","","","","","","","","","","","","","","","","","","","","","","","","","","","","","","","","","0","","","","","","","","","","","","","","","","","","","","","","","","","","","","","","","","","","","","","","","","","","","",""
"22","2018-10-05 07:38:12","19","nl","2018-10-05 06:56:33","2018-10-05 07:38:12","","1","22.00","1","3","4","39.0000000000","4","1","1","2","1","5","6","5","3","3","2","4","5","5","1","1","A2","A2","A4","A4","A2","A5","A1","A2","A2","A2","A2","A2","A3","4","4","2","4","2","4","A6","A6","A4","A4","A3","A4","A7","A6","A4","A6","A3","A3","A4","A2","A4","A6","A6","A6","A6","A2","A2","A3","A2","A1","A1","A5","A3","A1","A2","A1","A4","A1","A1","A2","A1","A1","A1","A6","A2","A5","A2","A6","A1","A6","A6","A7","A5","A5","A5","A6","A6","A5","A5","A1","3","2","2","5","5","2","2","5","2","6","6","4","6","6","6","7","4","","","2508.88","618.52","","38.33","","23.84","","21.6","","50.15","","32.59","","124.1","","","","","","","134.42","","139.37","","88.66","","140.56","","81.89","","75.66","","94.37","","366.74","","82.59","","369.27","","","","","26.22",""
"23","","4","nl","2018-10-05 11:17:14","2018-10-05 11:29:04","","1","22.30","1","","","","","","","","","","","","","","","","","","","","","","","","","","","","","","","","","","","","","","","","","","","","","","","","","","","","","","","","","","","","","","","","","","","","","","","","","","","","","","","","","","","","","","","","","","","","","","","","","","","","","","","","","","","","","","","","710.8","17.97","","61.72","","40.08","","591.03","","","","","","","","","","","","","","","","","","","","","","","","","","","","","","","","","","","","",""
"24","2018-10-05 12:08:16","19","nl","2018-10-05 11:47:49","2018-10-05 12:08:16","","1","22.15","1","4","3","39.0000000000","4","1","2","2","1","5","6","4","1","1","3","6","6","4","2","1","A4","A5","A5","A5","A4","A5","","A5","A3","A2","A4","A4","A5","5","3","3","5","2","4","A6","A6","A4","A5","A4","A5","A6","A6","A5","A6","A2","A1","A6","A4","A5","A6","A7","A5","A6","A2","A2","A3","A1","A1","A1","A6","A5","A5","A5","A4","A5","A1","A1","A1","A1","A1","A1","A1","A1","A4","A2","A2","A1","A4","A4","A5","A3","A3","A5","A5","A5","A5","A5","A3","4","2","1","4","3","1","1","4","2","4","6","3","6","6","3","5","2","","","1232.96","16.67","","23.6","","34.32","","19.98","","28.15","","26.89","","150.81","","","","","","","125.91","","119.94","","81.49","","58.18","","66.93","","70.41","","92.38","","92.99","","66.53","","109.7","","","","","48.08",""
"25","2018-10-05 12:39:25","19","nl","2018-10-05 12:19:30","2018-10-05 12:39:25","","1","21.30","2","2","2","39.0000000000","4","1","2","2","1","4","6","1","1","6","1","2","5","1","1","1","A1","A1","A1","A1","A1","A1","","A1","A1","A1","A1","A1","A1","5","1","1","5","2","2","A2","A4","A3","A3","A4","A4","A5","A5","A3","A6","A3","A1","A2","A5","A7","A2","A2","A4","A6","A6","A6","A6","A6","A3","A3","A6","A4","A7","A7","A4","A6","A3","A1","A3","A1","A3","A1","A3","A1","A1","A4","A3","A1","A1","A1","A1","A5","A5","A4","A5","A4","A3","A3","A5","1","7","5","6","2","3","4","1","4","4","4","2","2","2","1","3","3","","","1203.07","22.18","","26.22","","28.02","","28.16","","35.56","","31.48","","86.88","","","","","","","116.85","","58.79","","79.49","","46.77","","92.65","","92.81","","102.98","","95.42","","98.32","","111.12","","","","","49.37",""
"26","","","nl","2018-10-05 16:10:44","2018-10-05 16:10:44","","","","","","","","","","","","","","","","","","","","","","","","","","","","","","","","","","","","","","","","","","","","","","","","","","","","","","","","","","","","","","","","","","","","","","","","","","","","","","","","","","","","","","","","","","","","","","","","","","","","","","","","","","","","","","","","","","","","0","","","","","","","","","","","","","","","","","","","","","","","","","","","","","","","","","","","","","","","","","","","",""
"27","","","nl","2018-10-05 16:25:00","2018-10-05 16:25:00","","","","","","","","","","","","","","","","","","","","","","","","","","","","","","","","","","","","","","","","","","","","","","","","","","","","","","","","","","","","","","","","","","","","","","","","","","","","","","","","","","","","","","","","","","","","","","","","","","","","","","","","","","","","","","","","","","","","0","","","","","","","","","","","","","","","","","","","","","","","","","","","","","","","","","","","","","","","","","","","",""
"28","2018-10-06 08:48:57","19","nl","2018-10-06 08:46:10","2018-10-06 08:48:57","","1","22u30","1","5","3","32.0000000000","13","2","2","2","1","5","4","4","4","6","3","6","3","5","3","4","","A5","A3","A6","","","","A3","A6","A2","A4","A6","A3","5","3","5","3","4","3","A5","A4","A3","A5","A3","A3","A5","A3","A5","A3","A4","A5","A5","A4","A3","A4","A5","A6","A7","","A5","A4","A3","A4","A5","","A6","A5","A4","A3","A5","A5","A4","A3","A4","A5","A4","A5","A3","A5","A3","A5","A4","A5","A4","","A3","A4","","A5","A6","A7","","A4","4","3","4","3","5","4","3","4","3","5","3","5","3","5","4","3","5","","","175.07","3.29","","4.83","","7.52","","4.17","","6.51","","3.8","","23.07","","","","","","","12.99","","11.89","","8.84","","6.74","","7.7","","10.12","","16.77","","13.41","","8.92","","19.89","","","","","4.61",""
"29","2018-10-06 08:51:53","19","nl","2018-10-06 08:49:10","2018-10-06 08:51:53","","1","22u","1","3","2","27.0000000000","6","1","1","2","2","5","1","6","3","4","3","5","3","5","3","5","A4","A3","A5","A3","A5","A3","A5","A3","A5","A3","A5","A3","A5","5","4","5","4","5","3","A5","A4","A3","A4","A5","A4","A3","A5","A3","A5","A3","A5","A4","A3","A5","A3","A5","A3","A5","A4","A3","A5","A3","A5","A3","A5","A3","A5","A3","A4","A3","A5","A4","A3","A4","A5","A3","A5","A3","A5","A3","A5","A3","A3","A5","A3","A5","A3","A5","A3","A5","A3","A5","A3","5","4","3","5","3","5","4","3","5","3","5","3","5","3","5","3","5","","","169.07","2.88","","5.1","","4.4","","4.03","","2.57","","4.22","","18.62","","","","","","","12.92","","14.71","","9.84","","6.12","","7.91","","7.5","","14.32","","14.08","","11.84","","21.45","","","","","6.56",""
"30","","0","nl","2018-10-06 08:51:57","2018-10-06 08:51:57","","","","","","","","","","","","","","","","","","","","","","","","","","","","","","","","","","","","","","","","","","","","","","","","","","","","","","","","","","","","","","","","","","","","","","","","","","","","","","","","","","","","","","","","","","","","","","","","","","","","","","","","","","","","","","","","","","","","0","","","","","","","","","","","","","","","","","","","","","","","","","","","","","","","","","","","","","","","","","","","",""
"31","","","nl","2018-10-06 11:30:16","2018-10-06 11:30:16","","","","","","","","","","","","","","","","","","","","","","","","","","","","","","","","","","","","","","","","","","","","","","","","","","","","","","","","","","","","","","","","","","","","","","","","","","","","","","","","","","","","","","","","","","","","","","","","","","","","","","","","","","","","","","","","","","","","0","","","","","","","","","","","","","","","","","","","","","","","","","","","","","","","","","","","","","","","","","","","",""
"32","","","nl","2018-10-06 16:06:34","2018-10-06 16:06:34","","","","","","","","","","","","","","","","","","","","","","","","","","","","","","","","","","","","","","","","","","","","","","","","","","","","","","","","","","","","","","","","","","","","","","","","","","","","","","","","","","","","","","","","","","","","","","","","","","","","","","","","","","","","","","","","","","","","0","","","","","","","","","","","","","","","","","","","","","","","","","","","","","","","","","","","","","","","","","","","",""
"33","","","nl","2018-10-06 18:26:39","2018-10-06 18:26:39","","","","","","","","","","","","","","","","","","","","","","","","","","","","","","","","","","","","","","","","","","","","","","","","","","","","","","","","","","","","","","","","","","","","","","","","","","","","","","","","","","","","","","","","","","","","","","","","","","","","","","","","","","","","","","","","","","","","0","","","","","","","","","","","","","","","","","","","","","","","","","","","","","","","","","","","","","","","","","","","",""
"34","","","nl","2018-10-06 20:52:50","2018-10-06 20:52:50","","","","","","","","","","","","","","","","","","","","","","","","","","","","","","","","","","","","","","","","","","","","","","","","","","","","","","","","","","","","","","","","","","","","","","","","","","","","","","","","","","","","","","","","","","","","","","","","","","","","","","","","","","","","","","","","","","","","0","","","","","","","","","","","","","","","","","","","","","","","","","","","","","","","","","","","","","","","","","","","",""
"35","","","nl","2018-10-06 21:58:36","2018-10-06 21:58:36","","","","","","","","","","","","","","","","","","","","","","","","","","","","","","","","","","","","","","","","","","","","","","","","","","","","","","","","","","","","","","","","","","","","","","","","","","","","","","","","","","","","","","","","","","","","","","","","","","","","","","","","","","","","","","","","","","","","0","","","","","","","","","","","","","","","","","","","","","","","","","","","","","","","","","","","","","","","","","","","",""
"36","2018-10-07 14:11:44","19","nl","2018-10-07 12:46:11","2018-10-07 14:11:44","","1","23:45","2","7","3","49.0000000000","14","1","1","2","1","7","7","4","4","7","6","5","7","5","4","1","A4","A4","A4","A4","A4","A5","A1","A1","A1","A1","A4","A4","A6","7","4","7","7","7","7","A7","A7","A7","A5","A5","A4","A4","A5","A3","A7","A2","A2","A5","A5","A7","A7","A7","A7","A7","A4","A4","A7","A3","A2","A2","A7","A7","A7","A2","A2","A7","A2","A1","A2","A1","A3","A1","A3","A1","A3","A1","A3","A1","A4","A4","A4","A4","A5","A5","A4","A4","A6","A6","A4","5","4","6","6","4","4","5","7","1","1","1","7","7","4","1","7","6","","","5141.22","11.9","","5.95","","13.95","","148.66","","10.31","","18.6","","27.62","","","","","","","3764.85","","44.96","","47.61","","28.51","","35.2","","55.6","","87.54","","47.32","","53.13","","717.86","","","","","21.65",""
"37","","","nl","2018-10-07 13:52:59","2018-10-07 13:52:59","","","","","","","","","","","","","","","","","","","","","","","","","","","","","","","","","","","","","","","","","","","","","","","","","","","","","","","","","","","","","","","","","","","","","","","","","","","","","","","","","","","","","","","","","","","","","","","","","","","","","","","","","","","","","","","","","","","","0","","","","","","","","","","","","","","","","","","","","","","","","","","","","","","","","","","","","","","","","","","","",""
"38","2018-10-07 14:37:12","19","nl","2018-10-07 14:33:01","2018-10-07 14:37:12","","1","22:45","2","7","2","42.0000000000","14","1","1","2","1","7","7","4","7","7","7","7","7","4","7","7","A4","A4","A4","A4","A3","A5","A5","A4","A4","A4","A5","A6","A6","7","4","7","7","7","7","A7","A7","A7","A7","A7","A4","A4","A4","A3","A3","A3","A3","A5","A5","A7","A7","A3","A4","A7","A4","A4","A4","A4","A4","A5","A7","A7","A7","A7","A7","A7","A1","A1","A1","A1","A1","A1","A1","A1","A1","A1","A1","A1","A2","A2","A3","A2","A3","A3","A4","A4","A4","A4","A4","4","1","2","4","4","4","4","4","4","4","4","4","4","4","4","4","4","","","258.8","2.89","","5.09","","6.25","","6.13","","5.02","","4.81","","19.75","","","","","","","25.44","","25.12","","16.82","","10.02","","15.73","","28.4","","22.26","","18.09","","14.31","","29.78","","","","","2.89",""
"39","","","nl","2018-10-07 17:06:55","2018-10-07 17:06:55","","","","","","","","","","","","","","","","","","","","","","","","","","","","","","","","","","","","","","","","","","","","","","","","","","","","","","","","","","","","","","","","","","","","","","","","","","","","","","","","","","","","","","","","","","","","","","","","","","","","","","","","","","","","","","","","","","","","0","","","","","","","","","","","","","","","","","","","","","","","","","","","","","","","","","","","","","","","","","","","",""
"40","","","nl","2018-10-07 17:07:24","2018-10-07 17:07:24","","","","","","","","","","","","","","","","","","","","","","","","","","","","","","","","","","","","","","","","","","","","","","","","","","","","","","","","","","","","","","","","","","","","","","","","","","","","","","","","","","","","","","","","","","","","","","","","","","","","","","","","","","","","","","","","","","","","0","","","","","","","","","","","","","","","","","","","","","","","","","","","","","","","","","","","","","","","","","","","",""
"41","","","nl","2018-10-07 17:07:26","2018-10-07 17:07:26","","","","","","","","","","","","","","","","","","","","","","","","","","","","","","","","","","","","","","","","","","","","","","","","","","","","","","","","","","","","","","","","","","","","","","","","","","","","","","","","","","","","","","","","","","","","","","","","","","","","","","","","","","","","","","","","","","","","0","","","","","","","","","","","","","","","","","","","","","","","","","","","","","","","","","","","","","","","","","","","",""
"42","","","nl","2018-10-07 18:52:52","2018-10-07 18:52:52","","","","","","","","","","","","","","","","","","","","","","","","","","","","","","","","","","","","","","","","","","","","","","","","","","","","","","","","","","","","","","","","","","","","","","","","","","","","","","","","","","","","","","","","","","","","","","","","","","","","","","","","","","","","","","","","","","","","0","","","","","","","","","","","","","","","","","","","","","","","","","","","","","","","","","","","","","","","","","","","",""
"43","","","nl","2018-10-08 11:15:55","2018-10-08 11:15:55","","","","","","","","","","","","","","","","","","","","","","","","","","","","","","","","","","","","","","","","","","","","","","","","","","","","","","","","","","","","","","","","","","","","","","","","","","","","","","","","","","","","","","","","","","","","","","","","","","","","","","","","","","","","","","","","","","","","0","","","","","","","","","","","","","","","","","","","","","","","","","","","","","","","","","","","","","","","","","","","",""
"44","","","nl","2018-10-08 17:05:08","2018-10-08 17:05:08","","","","","","","","","","","","","","","","","","","","","","","","","","","","","","","","","","","","","","","","","","","","","","","","","","","","","","","","","","","","","","","","","","","","","","","","","","","","","","","","","","","","","","","","","","","","","","","","","","","","","","","","","","","","","","","","","","","","0","","","","","","","","","","","","","","","","","","","","","","","","","","","","","","","","","","","","","","","","","","","",""
"45","","","nl","2018-10-08 18:52:48","2018-10-08 18:52:48","","","","","","","","","","","","","","","","","","","","","","","","","","","","","","","","","","","","","","","","","","","","","","","","","","","","","","","","","","","","","","","","","","","","","","","","","","","","","","","","","","","","","","","","","","","","","","","","","","","","","","","","","","","","","","","","","","","","0","","","","","","","","","","","","","","","","","","","","","","","","","","","","","","","","","","","","","","","","","","","",""
"46","","","nl","2018-10-08 19:01:32","2018-10-08 19:01:32","","","","","","","","","","","","","","","","","","","","","","","","","","","","","","","","","","","","","","","","","","","","","","","","","","","","","","","","","","","","","","","","","","","","","","","","","","","","","","","","","","","","","","","","","","","","","","","","","","","","","","","","","","","","","","","","","","","","0","","","","","","","","","","","","","","","","","","","","","","","","","","","","","","","","","","","","","","","","","","","",""
"47","","","nl","2018-10-08 19:50:44","2018-10-08 19:50:44","","","","","","","","","","","","","","","","","","","","","","","","","","","","","","","","","","","","","","","","","","","","","","","","","","","","","","","","","","","","","","","","","","","","","","","","","","","","","","","","","","","","","","","","","","","","","","","","","","","","","","","","","","","","","","","","","","","","0","","","","","","","","","","","","","","","","","","","","","","","","","","","","","","","","","","","","","","","","","","","",""
"48","","","nl","2018-10-08 20:33:31","2018-10-08 20:33:31","","","","","","","","","","","","","","","","","","","","","","","","","","","","","","","","","","","","","","","","","","","","","","","","","","","","","","","","","","","","","","","","","","","","","","","","","","","","","","","","","","","","","","","","","","","","","","","","","","","","","","","","","","","","","","","","","","","","0","","","","","","","","","","","","","","","","","","","","","","","","","","","","","","","","","","","","","","","","","","","",""
"49","","","nl","2018-10-09 02:19:40","2018-10-09 02:19:40","","","","","","","","","","","","","","","","","","","","","","","","","","","","","","","","","","","","","","","","","","","","","","","","","","","","","","","","","","","","","","","","","","","","","","","","","","","","","","","","","","","","","","","","","","","","","","","","","","","","","","","","","","","","","","","","","","","","0","","","","","","","","","","","","","","","","","","","","","","","","","","","","","","","","","","","","","","","","","","","",""
"50","","","nl","2018-10-09 17:05:31","2018-10-09 17:05:31","","","","","","","","","","","","","","","","","","","","","","","","","","","","","","","","","","","","","","","","","","","","","","","","","","","","","","","","","","","","","","","","","","","","","","","","","","","","","","","","","","","","","","","","","","","","","","","","","","","","","","","","","","","","","","","","","","","","0","","","","","","","","","","","","","","","","","","","","","","","","","","","","","","","","","","","","","","","","","","","",""
"51","","","nl","2018-10-09 19:05:44","2018-10-09 19:05:44","","","","","","","","","","","","","","","","","","","","","","","","","","","","","","","","","","","","","","","","","","","","","","","","","","","","","","","","","","","","","","","","","","","","","","","","","","","","","","","","","","","","","","","","","","","","","","","","","","","","","","","","","","","","","","","","","","","","0","","","","","","","","","","","","","","","","","","","","","","","","","","","","","","","","","","","","","","","","","","","",""
"52","2018-10-10 09:18:11","19","nl","2018-10-10 09:16:21","2018-10-10 09:18:11","","1","2230","1","6","4","28.0000000000","9","1","2","1","2","5","5","5","5","5","5","5","5","5","5","5","4","4","4","4","4","4","","4","4","4","4","4","4","6","6","6","6","6","6","4","4","4","4","4","5","5","5","5","5","5","5","5","5","5","5","5","5","5","1","1","1","1","1","1","1","1","1","1","1","1","2","2","2","2","2","2","2","2","2","2","2","2","6","6","6","6","6","6","6","6","6","6","6","7","7","7","7","7","1","1","1","1","1","1","1","1","1","1","1","1","","","115.3","3.18","","3.4","","4.32","","4.35","","3.41","","2.46","","11.7","","","","","","","9.6","","10.54","","6.9","","4.58","","5.94","","4.94","","7.97","","9.08","","7.03","","11.89","","","","","4.01",""
"53","","","nl","2018-10-10 12:56:04","2018-10-10 12:56:04","","","","","","","","","","","","","","","","","","","","","","","","","","","","","","","","","","","","","","","","","","","","","","","","","","","","","","","","","","","","","","","","","","","","","","","","","","","","","","","","","","","","","","","","","","","","","","","","","","","","","","","","","","","","","","","","","","","","0","","","","","","","","","","","","","","","","","","","","","","","","","","","","","","","","","","","","","","","","","","","",""
"54","","","nl","2018-10-10 12:56:04","2018-10-10 12:56:04","","","","","","","","","","","","","","","","","","","","","","","","","","","","","","","","","","","","","","","","","","","","","","","","","","","","","","","","","","","","","","","","","","","","","","","","","","","","","","","","","","","","","","","","","","","","","","","","","","","","","","","","","","","","","","","","","","","","0","","","","","","","","","","","","","","","","","","","","","","","","","","","","","","","","","","","","","","","","","","","",""
"55","","","nl","2018-10-10 12:56:32","2018-10-10 12:56:32","","","","","","","","","","","","","","","","","","","","","","","","","","","","","","","","","","","","","","","","","","","","","","","","","","","","","","","","","","","","","","","","","","","","","","","","","","","","","","","","","","","","","","","","","","","","","","","","","","","","","","","","","","","","","","","","","","","","0","","","","","","","","","","","","","","","","","","","","","","","","","","","","","","","","","","","","","","","","","","","",""
"56","","","nl","2018-10-11 07:50:24","2018-10-11 07:50:24","","","","","","","","","","","","","","","","","","","","","","","","","","","","","","","","","","","","","","","","","","","","","","","","","","","","","","","","","","","","","","","","","","","","","","","","","","","","","","","","","","","","","","","","","","","","","","","","","","","","","","","","","","","","","","","","","","","","0","","","","","","","","","","","","","","","","","","","","","","","","","","","","","","","","","","","","","","","","","","","",""
"57","","0","nl","2018-10-12 07:31:25","2018-10-12 07:33:21","","","","","","","","","","","","","","","","","","","","","","","","","","","","","","","","","","","","","","","","","","","","","","","","","","","","","","","","","","","","","","","","","","","","","","","","","","","","","","","","","","","","","","","","","","","","","","","","","","","","","","","","","","","","","","","","","","","","116.43","45.59","","70.84","","","","","","","","","","","","","","","","","","","","","","","","","","","","","","","","","","","","","","","","",""
"60","","","nl","2018-10-13 03:26:26","2018-10-13 03:26:26","","","","","","","","","","","","","","","","","","","","","","","","","","","","","","","","","","","","","","","","","","","","","","","","","","","","","","","","","","","","","","","","","","","","","","","","","","","","","","","","","","","","","","","","","","","","","","","","","","","","","","","","","","","","","","","","","","","","0","","","","","","","","","","","","","","","","","","","","","","","","","","","","","","","","","","","","","","","","","","","",""
"61","","","nl","2018-10-14 07:38:56","2018-10-14 07:38:56","","","","","","","","","","","","","","","","","","","","","","","","","","","","","","","","","","","","","","","","","","","","","","","","","","","","","","","","","","","","","","","","","","","","","","","","","","","","","","","","","","","","","","","","","","","","","","","","","","","","","","","","","","","","","","","","","","","","0","","","","","","","","","","","","","","","","","","","","","","","","","","","","","","","","","","","","","","","","","","","",""
"59","2018-10-12 17:47:05","19","nl","2018-10-12 17:33:48","2018-10-12 17:47:05","","1","23:15","1","7","2","48.0000000000","14","1","1","2","1","7","7","4","5","7","7","6","7","4","4","1","4","2","2","5","5","4","4","4","4","4","4","4","6","7","4","7","7","7","7","7","7","7","7","7","4","6","6","4","4","2","2","7","5","6","6","6","6","6","6","6","6","6","5","5","5","7","7","7","7","7","1","1","1","1","1","1","1","1","2","2","3","2","3","4","3","4","3","6","3","5","4","4","4","2","2","3","3","3","2","2","3","3","2","2","3","3","4","4","4","4","","","805.45","6.27","","6.59","","11.88","","5.94","","4.22","","5.6","","25","","","","","","","66.47","","397.41","","67.22","","13.41","","20.51","","29.81","","46.29","","44.41","","19.41","","31.26","","","","","3.75",""

